date,actual_mean_temp,actual_min_temp,actual_max_temp,average_min_temp,average_max_temp,record_min_temp,record_max_temp,record_min_temp_year,record_max_temp_year,actual_precipitation,average_precipitation,record_precipitation
2015-1-1,1,-3,4,-2,4,-20,16,1918,1966,0.00,3.05,5.21
2015-1-2,4,2,6,-2,4,-16,20,1918,1876,0.00,3.05,4.88
2015-1-3,3,1,6,-2,4,-20,17,1879,2000,18.03,3.05,6.15
2015-1-4,9,5,13,-3,4,-19,18,1918,1950,7.62,3.05,6.93
2015-1-5,2,-6,9,-3,3,-20,17,1904,1993,0.00,3.05,3.81
2015-1-6,-6,-7,-6,-3,3,-18,22,1896,2007,1.27,3.30,4.19
2015-1-7,-9,-13,-5,-3,3,-15,17,2014,1907,0.00,3.05,6.78
2015-1-8,-9,-13,-6,-3,3,-16,18,1968,1998,0.00,2.79,3.17
2015-1-9,-3,-7,1,-3,3,-18,17,1968,1937,1.78,3.30,3.61
2015-1-10,-7,-9,-5,-3,3,-21,15,1875,1876,0.00,3.05,4.57
2015-1-11,-2,-8,3,-3,3,-16,17,1968,1975,0.00,3.05,3.71
2015-1-12,3,2,4,-3,3,-16,18,1981,2017,9.14,3.30,5.97
2015-1-13,-3,-8,2,-3,3,-19,20,1914,1932,0.00,3.05,3.66
2015-1-14,-4,-9,0,-3,3,-20,21,1914,1932,0.00,3.05,5.23
2015-1-15,-1,-4,2,-3,3,-17,19,1957,1932,0.00,3.30,3.23
2015-1-16,0,-7,6,-3,3,-17,14,2004,1995,0.00,3.05,3.66
2015-1-17,-4,-8,0,-3,3,-18,17,1977,1990,0.00,3.05,3.45
2015-1-18,3,-1,6,-3,3,-17,18,1982,1990,53.34,2.79,5.33
2015-1-19,4,2,6,-3,3,-19,17,1875,1951,0.00,3.05,6.07
2015-1-20,2,0,4,-3,3,-17,16,1994,2006,0.00,2.79,3.58
2015-1-21,-1,-4,2,-3,3,-18,17,1985,2006,0.00,3.05,8.76
2015-1-22,2,-1,4,-3,3,-17,16,1888,1959,0.00,3.05,4.32
2015-1-23,1,-2,4,-3,3,-19,16,1936,1906,0.00,2.79,6.48
2015-1-24,2,1,4,-3,3,-21,20,1882,1967,18.29,2.79,5.54
2015-1-25,3,-1,6,-3,3,-16,15,1945,1967,0.00,2.79,4.57
2015-1-26,-3,-6,-1,-3,4,-16,22,1927,1950,12.19,2.79,5.56
2015-1-27,-4,-7,-1,-3,4,-18,20,1927,1916,9.14,2.79,4.93
2015-1-28,-4,-9,1,-3,4,-18,18,1925,1916,0.00,2.79,4.75
2015-1-29,-2,-7,2,-3,4,-17,20,1873,2002,0.51,2.79,2.62
2015-1-30,-2,-7,3,-3,4,-16,17,1873,2006,1.52,2.79,3.02
2015-1-31,-7,-11,-3,-3,4,-18,17,1920,1947,0.00,3.05,3.84
2015-2-1,-2,-7,2,-3,4,-18,19,1920,1989,0.76,2.79,5.38
2015-2-2,-4,-10,1,-3,4,-19,15,1881,1988,25.91,2.79,7.57
2015-2-3,-7,-11,-3,-3,4,-17,17,1955,1991,0.00,2.79,3.94
2015-2-4,1,-4,6,-2,4,-17,20,1918,1991,0.00,2.54,5.33
2015-2-5,-2,-10,6,-2,4,-21,21,1918,1991,0.00,2.79,3.63
2015-2-6,-7,-11,-3,-2,4,-20,20,1895,2008,0.00,2.79,6.96
2015-2-7,1,-4,4,-2,4,-17,12,1910,1938,0.51,2.79,7.52
2015-2-8,1,-2,3,-2,4,-21,16,1934,2017,0.00,2.79,2.92
2015-2-9,-3,-4,-2,-2,4,-26,17,1934,1990,2.29,2.54,4.42
2015-2-10,1,-3,4,-2,5,-21,16,1899,2001,0.25,2.79,6.68
2015-2-11,-2,-6,1,-2,5,-18,18,1899,1960,0.00,2.54,6.96
2015-2-12,-2,-9,4,-2,5,-19,16,1914,1999,0.0,2.79,4.22
2015-2-13,-9,-13,-6,-2,5,-18,17,1914,1951,0.00,2.54,6.15
2015-2-14,-4,-9,0,-2,5,-18,17,2016,1946,0.51,2.79,4.04
2015-2-15,-9,-16,-4,-2,6,-22,22,1943,1949,0.0,2.54,4.39
2015-2-16,-11,-16,-6,-2,6,-17,21,1888,1954,0.00,3.05,3.56
2015-2-17,-6,-10,-3,-2,6,-20,19,1896,1976,3.56,2.79,3.78
2015-2-18,-3,-7,1,-2,6,-17,20,1979,1981,0.0,2.79,3.81
2015-2-19,-8,-13,-3,-1,6,-17,18,1936,1997,0.00,2.79,5.46
2015-2-20,-12,-17,-7,-1,6,-16,20,2015,1939,0.00,2.79,7.80
2015-2-21,-5,-11,0,-1,6,-15,25,1896,2018,15.49,2.79,4.72
2015-2-22,3,0,6,-1,6,-13,20,1963,1997,2.54,2.79,6.07
2015-2-23,-5,-13,3,-1,6,-15,21,1889,1985,0.00,3.05,3.51
2015-2-24,-10,-16,-4,-1,7,-20,23,1873,1985,0.00,3.05,4.29
2015-2-25,-2,-7,3,-1,7,-17,23,1914,1930,0.00,2.79,5.36
2015-2-26,-3,-6,0,-1,7,-13,18,1990,1890,0.00,3.05,4.75
2015-2-27,-4,-8,-1,-1,7,-15,22,1900,1997,0.00,3.05,3.96
2015-2-28,-6,-11,-2,-1,7,-15,19,1934,1976,0.00,3.05,3.07
2015-3-1,-2,-4,-1,-1,7,-15,22,1884,1972,13.21,3.30,7.49
2015-3-2,1,-3,4,0,7,-12,22,1891,1972,0.00,3.05,6.12
2015-3-3,-1,-6,3,0,7,-11,18,2003,1991,17.02,3.05,5.72
2015-3-4,4,2,7,0,8,-13,21,1943,1974,6.35,3.30,4.19
2015-3-5,-1,-7,4,0,8,-16,22,1872,1880,19.30,3.30,4.60
2015-3-6,-7,-11,-3,0,8,-14,20,1872,1935,0.00,3.30,6.68
2015-3-7,-2,-8,3,1,8,-13,23,1890,1946,0.00,3.30,4.75
2015-3-8,6,3,9,1,8,-13,24,1883,1987,0.00,3.56,4.52
2015-3-9,8,4,12,1,8,-11,25,1996,2016,0.25,3.30,4.62
2015-3-10,8,4,12,1,9,-11,26,1929,2016,11.68,3.30,4.11
2015-3-11,11,7,15,1,9,-10,22,1960,1977,0.25,3.30,7.47
2015-3-12,6,2,8,1,9,-13,21,1888,1890,0.00,3.30,5.92
2015-3-13,3,-1,6,1,9,-14,29,1888,1990,0.00,3.05,9.80
2015-3-14,8,4,11,2,9,-11,23,1888,1946,20.57,3.56,5.00
2015-3-15,4,2,7,2,9,-10,25,1993,1990,0.00,3.56,4.60
2015-3-16,7,2,11,2,10,-10,27,1911,1990,0.00,3.56,5.16
2015-3-17,8,1,14,2,10,-12,23,1916,1945,0.51,3.81,3.61
2015-3-18,1,-2,4,2,10,-13,25,1916,1989,0.00,3.56,7.87
2015-3-19,2,-2,6,2,11,-13,24,1967,1918,0.00,3.81,5.56
2015-3-20,1,-2,3,2,11,-11,28,1885,1945,10.16,3.81,4.90
2015-3-21,3,-2,8,3,11,-12,28,1885,1921,0.0,3.81,6.02
2015-3-22,2,-2,6,3,11,-11,25,1885,2012,0.00,3.81,8.74
2015-3-23,-1,-5,3,3,11,-11,24,1875,1923,0.00,4.06,4.06
2015-3-24,2,-3,7,3,11,-11,24,1888,1988,0.00,3.81,5.21
2015-3-25,6,1,9,3,12,-10,26,1878,1963,1.27,3.81,10.80
2015-3-26,11,6,17,3,12,-6,24,1960,1922,8.13,3.81,3.61
2015-3-27,6,4,8,3,12,-6,28,1894,1998,6.86,4.06,4.55
2015-3-28,1,-3,4,4,12,-10,28,1923,1945,0.0,3.81,7.57
2015-3-29,2,-4,8,4,12,-12,30,1923,1945,0.00,3.81,5.16
2015-3-30,7,2,12,4,13,-8,27,1887,1998,0.0,4.06,6.22
2015-3-31,5,2,8,4,13,-10,30,1923,1998,4.32,3.81,5.59
2015-4-1,6,0,11,4,13,-11,28,1923,1917,0.00,4.06,4.80
2015-4-2,12,5,19,4,13,-5,27,1919,1967,0.00,4.06,4.90
2015-4-3,17,15,18,5,13,-4,27,1954,1981,1.02,4.06,4.83
2015-4-4,11,6,16,5,14,-6,26,1874,1892,0.25,4.06,5.05
2015-4-5,11,6,16,5,14,-6,26,1874,1928,0.00,4.06,7.01
2015-4-6,12,6,17,6,14,-6,26,1982,1947,0.00,3.81,6.40
2015-4-7,11,6,17,6,14,-6,33,1982,2010,3.81,4.06,3.43
2015-4-8,5,3,7,6,14,-3,32,1982,1991,0.00,3.81,4.90
2015-4-9,4,3,6,6,15,-3,30,1977,1991,0.00,4.06,8.69
2015-4-10,9,4,13,6,15,-2,30,1997,1922,4.32,4.32,10.95
2015-4-11,11,7,14,6,16,-4,28,1909,1955,0.00,4.06,2.79
2015-4-12,13,6,19,7,16,-5,32,1874,1977,0.00,4.06,5.38
2015-4-13,15,10,20,7,16,-3,31,1874,1977,0.00,4.06,3.20
2015-4-14,16,13,18,7,16,-3,29,1950,1941,0.25,4.06,6.91
2015-4-15,17,11,22,7,16,-2,30,1943,1941,0.00,3.81,19.23
2015-4-16,14,11,18,7,17,-1,33,1928,2002,0.00,3.56,8.36
2015-4-17,17,13,22,7,17,-2,35,1875,2002,2.03,3.81,3.28
2015-4-18,21,15,27,8,17,-3,35,1875,1976,0.00,3.56,5.56
2015-4-19,13,9,18,8,17,-6,33,1875,1976,0.00,3.81,4.98
2015-4-20,11,8,14,8,17,-4,32,1897,1927,34.80,3.56,4.98
2015-4-21,15,11,18,8,17,-3,30,1875,1923,5.08,3.56,5.79
2015-4-22,15,9,21,8,18,0,30,1947,2001,1.27,3.56,6.22
2015-4-23,8,5,11,8,18,0,30,1930,2007,0.00,3.56,5.94
2015-4-24,8,4,11,9,18,0,30,1930,2001,0.00,3.56,5.51
2015-4-25,10,3,17,9,18,-1,32,1919,1915,0.00,3.56,4.27
2015-4-26,13,8,18,9,18,0,33,1919,2009,0.00,3.56,4.78
2015-4-27,13,9,17,9,18,2,33,1932,1915,0.00,3.56,5.18
2015-4-28,16,10,22,9,19,1,32,1934,1990,0.00,3.81,6.96
2015-4-29,18,10,26,9,19,0,31,1874,1974,0.00,3.56,2.31
2015-4-30,14,9,19,9,19,-1,32,1875,1942,0.00,3.30,12.62
2015-5-1,13,9,17,10,19,1,30,1880,2001,0.00,3.05,6.30
2015-5-2,16,9,23,10,19,2,32,1903,2001,0.00,3.05,2.79
2015-5-3,19,11,27,10,19,2,32,1874,2001,0.00,3.30,4.22
2015-5-4,22,14,29,10,20,3,33,1917,2001,0.00,3.30,5.13
2015-5-5,24,19,29,11,20,1,32,1891,1980,0.00,3.30,7.67
2015-5-6,19,15,23,11,20,0,33,1891,1986,0.0,3.30,3.71
2015-5-7,20,13,27,11,20,2,33,1891,2000,0.00,3.56,9.70
2015-5-8,21,13,28,11,21,2,32,1947,2000,0.00,3.05,7.67
2015-5-9,18,14,21,11,21,1,34,1947,1979,0.00,3.30,3.61
2015-5-10,22,16,28,11,21,2,34,1966,1979,0.00,3.30,5.33
2015-5-11,25,21,29,11,21,2,33,1913,1993,0.0,3.05,4.24
2015-5-12,24,18,30,12,21,4,33,1907,1881,0.00,3.30,4.67
2015-5-13,17,12,21,12,21,3,31,1895,1956,0.00,3.05,4.22
2015-5-14,17,10,23,12,21,4,31,1878,1900,0.00,3.05,8.59
2015-5-15,18,13,24,12,22,5,32,1947,1900,0.00,3.30,2.95
2015-5-16,19,14,24,12,22,5,32,1878,1951,7.62,3.30,6.76
2015-5-17,23,18,28,12,22,3,33,1956,1974,0.51,3.30,2.67
2015-5-18,20,16,24,13,22,5,33,1973,2017,0.00,3.30,5.54
2015-5-19,21,15,27,13,22,3,37,1976,1962,0.0,3.30,5.13
2015-5-20,16,12,19,13,22,6,35,2002,1996,0.00,3.56,5.16
2015-5-21,14,11,17,13,22,4,33,1907,1996,0.00,3.56,4.93
2015-5-22,18,13,23,13,22,6,35,1990,1941,0.00,3.81,3.17
2015-5-23,16,9,21,13,23,6,34,1963,1964,0.00,3.81,6.86
2015-5-24,21,13,27,13,23,3,33,1963,1975,0.00,3.81,5.26
2015-5-25,24,18,29,14,23,5,35,1925,1880,0.00,3.81,2.18
2015-5-26,26,19,31,14,23,5,35,1967,1880,0.00,3.81,3.25
2015-5-27,26,21,29,14,23,5,35,1961,1880,2.03,3.56,6.65
2015-5-28,26,21,29,14,23,6,34,1961,1959,0.00,3.56,2.95
2015-5-29,24,18,29,14,23,6,36,1902,1969,0.00,4.06,10.13
2015-5-30,24,19,29,14,24,5,36,1884,1987,0.00,3.81,5.56
2015-5-31,22,14,31,15,24,7,35,1938,1939,37.08,3.81,7.95
2015-6-1,13,11,14,15,24,6,35,1945,1895,18.29,4.06,6.60
2015-6-2,12,10,13,15,24,8,35,1946,1895,9.40,4.06,7.09
2015-6-3,16,11,21,16,24,7,35,1929,1895,0.00,4.06,7.65
2015-6-4,16,12,18,16,24,8,37,1926,1925,0.00,4.06,6.99
2015-6-5,17,13,21,16,24,8,37,1945,1925,3.30,4.06,7.11
2015-6-6,20,16,24,16,25,8,36,1945,1925,4.83,4.06,6.65
2015-6-7,18,13,23,16,25,8,35,1897,1925,0.00,4.06,10.57
2015-6-8,22,17,26,16,25,8,35,1932,1933,1.52,4.06,3.73
2015-6-9,24,20,28,17,26,8,36,1980,1933,0.25,4.06,6.48
2015-6-10,23,18,28,17,26,9,35,1972,2008,0.00,4.06,5.26
2015-6-11,27,22,32,17,26,7,35,1972,1973,0.00,4.06,2.90
2015-6-12,27,23,31,17,26,8,33,1979,1973,0.00,4.06,5.54
2015-6-13,26,22,30,17,26,10,35,1953,1961,0.00,4.06,4.34
2015-6-14,25,19,31,17,26,9,37,1875,1956,9.14,4.06,6.45
2015-6-15,23,18,28,18,26,8,35,1933,1994,14.48,3.81,2.87
2015-6-16,22,18,26,18,27,11,36,1927,1891,6.86,3.81,3.33
2015-6-17,23,19,28,18,27,10,35,1926,1957,0.0,4.06,4.62
2015-6-18,20,18,22,18,27,8,35,1950,1929,0.00,3.56,5.84
2015-6-19,26,20,31,18,27,11,36,1920,1994,0.00,3.56,5.49
2015-6-20,21,18,24,18,27,9,36,1914,1923,0.0,3.30,3.53
2015-6-21,27,22,31,18,27,9,36,1897,1988,16.26,3.56,4.32
2015-6-22,26,21,31,19,27,11,36,1940,1988,0.00,3.30,4.98
2015-6-23,28,24,32,19,27,9,35,1918,1888,0.51,3.30,4.45
2015-6-24,24,20,29,19,28,11,35,1932,1888,0.00,3.30,3.71
2015-6-25,23,18,28,19,28,10,37,1873,1952,0.00,3.56,3.25
2015-6-26,24,21,27,19,28,13,37,1979,1952,0.00,3.30,10.90
2015-6-27,18,14,22,19,28,12,38,1940,1966,28.45,3.05,5.36
2015-6-28,20,17,23,19,28,12,35,1995,1991,7.37,3.30,4.29
2015-6-29,21,17,24,19,28,11,38,1919,1934,0.00,3.05,6.53
2015-6-30,24,20,28,19,28,11,37,1919,1964,0.00,3.30,7.80
2015-7-1,24,21,28,20,28,11,37,1943,1901,9.91,3.05,5.51
2015-7-2,24,21,27,20,28,13,37,2001,1966,0.00,3.30,4.55
2015-7-3,23,19,28,20,28,12,39,1933,1966,0.00,3.05,7.11
2015-7-4,22,21,24,20,29,12,38,1986,1949,0.0,3.30,4.47
2015-7-5,24,20,28,20,29,11,38,1979,1999,0.00,3.05,7.80
2015-7-6,26,22,28,20,29,12,39,1979,2010,0.00,3.30,5.00
2015-7-7,28,24,31,20,29,13,37,1914,2010,3.05,3.30,7.95
2015-7-8,28,25,31,21,29,13,37,1894,1993,0.0,3.56,4.57
2015-7-9,23,20,26,21,29,12,41,1963,1936,7.62,3.56,2.77
2015-7-10,26,22,29,21,29,12,38,1890,1993,0.00,3.81,4.55
2015-7-11,26,21,31,21,29,13,36,1898,1988,0.00,3.81,4.93
2015-7-12,27,22,32,21,29,13,37,1926,1966,0.00,3.81,6.81
2015-7-13,27,23,31,21,29,12,38,1888,1966,0.00,4.32,8.03
2015-7-14,26,23,28,21,29,14,37,1926,1954,10.67,4.06,4.06
2015-7-15,25,22,27,21,29,13,38,1930,1995,3.05,3.81,5.92
2015-7-16,22,18,27,21,29,13,37,1946,1980,0.00,4.06,3.51
2015-7-17,23,19,27,21,29,13,37,1892,1953,0.00,3.81,7.95
2015-7-18,26,22,29,21,29,13,38,1925,1953,8.13,3.81,4.47
2015-7-19,30,26,34,21,29,13,38,1924,1977,0.00,4.06,4.62
2015-7-20,31,28,34,21,29,12,38,1890,1980,0.00,3.81,5.00
2015-7-21,28,23,32,21,29,12,40,1890,1977,0.0,3.81,5.74
2015-7-22,25,21,29,21,29,12,40,1873,2011,0.00,3.56,4.72
2015-7-23,25,20,30,21,29,14,37,1890,2011,0.00,3.81,6.12
2015-7-24,26,21,31,21,29,13,36,1893,1999,0.00,3.81,9.52
2015-7-25,26,21,31,21,29,13,36,1953,1999,0.00,3.81,4.17
2015-7-26,28,23,32,21,29,12,36,1920,1940,0.0,4.06,9.65
2015-7-27,26,22,30,21,29,12,36,1920,1963,9.14,4.06,6.73
2015-7-28,29,24,35,21,29,13,36,1903,1999,0.00,4.32,7.90
2015-7-29,31,26,36,21,29,15,37,1914,1949,0.00,4.32,8.81
2015-7-30,28,24,31,21,29,13,36,1956,1988,49.53,4.32,9.04
2015-7-31,27,22,32,21,29,13,38,1914,1933,0.00,4.32,5.82
2015-8-1,28,24,32,21,29,15,37,1964,1933,0.00,4.06,7.24
2015-8-2,27,22,32,21,29,14,37,1924,1955,0.00,4.06,6.32
2015-8-3,28,24,32,21,29,12,36,1927,2005,0.00,4.32,6.88
2015-8-4,26,21,32,21,29,13,37,1886,1944,10.92,4.06,8.26
2015-8-5,27,22,31,21,29,13,38,1951,1944,0.00,4.06,3.66
2015-8-6,24,19,28,21,29,13,36,1994,1955,0.00,4.06,8.41
2015-8-7,25,21,29,21,29,13,40,1994,1918,0.00,3.81,5.54
2015-8-8,24,20,28,21,29,12,37,1903,2001,0.00,3.81,6.60
2015-8-9,25,20,29,21,29,13,39,1989,2001,0.00,3.81,10.41
2015-8-10,25,21,29,21,28,12,36,1879,1949,0.00,3.56,11.79
2015-8-11,24,22,27,21,28,13,38,1962,1944,29.72,3.56,6.07
2015-8-12,26,22,29,20,28,12,36,1889,1944,0.00,3.56,9.19
2015-8-13,24,19,28,20,28,12,37,1930,2005,0.00,3.56,6.86
2015-8-14,26,19,31,20,28,12,37,1964,1988,0.00,3.81,14.76
2015-8-15,28,23,33,20,28,12,36,1964,1988,0.00,3.56,3.86
2015-8-16,29,24,34,20,28,12,35,1880,1944,0.00,3.81,12.19
2015-8-17,31,26,35,20,28,13,35,1979,1944,0.00,3.56,7.26
2015-8-18,28,23,32,20,28,12,34,1915,2002,7.37,3.56,10.03
2015-8-19,28,25,31,20,28,12,34,1924,2002,0.00,3.81,6.43
2015-8-20,28,25,30,20,28,12,36,1949,1955,0.25,3.56,9.22
2015-8-21,26,22,31,20,28,11,35,1922,1955,8.13,3.81,10.64
2015-8-22,26,21,30,19,28,11,35,1895,1916,0.00,3.56,4.70
2015-8-23,26,21,29,19,28,10,33,1923,1916,0.00,3.56,7.70
2015-8-24,27,23,31,19,28,11,34,1890,1972,0.00,3.56,9.17
2015-8-25,28,23,32,19,28,11,35,1940,1948,0.00,3.56,4.72
2015-8-26,24,19,29,19,27,11,39,1887,1948,0.00,3.05,8.23
2015-8-27,24,19,28,19,27,10,38,1885,1948,0.00,3.30,10.57
2015-8-28,23,17,28,19,27,10,37,1885,1948,0.00,3.30,10.13
2015-8-29,25,19,31,19,27,10,37,1986,1953,0.00,3.05,6.81
2015-8-30,27,22,32,19,27,10,36,1965,1973,3.30,3.05,5.84
2015-8-31,29,24,33,19,27,10,37,1976,1953,0.00,3.05,9.55
2015-9-1,28,24,32,19,27,10,36,1872,1953,0.00,3.30,9.75
2015-9-2,28,23,33,18,27,10,38,1886,1953,0.00,3.30,5.38
2015-9-3,29,23,34,18,27,10,37,1893,1929,0.00,3.30,8.43
2015-9-4,26,22,29,18,26,8,36,1883,1929,0.00,3.56,8.84
2015-9-5,24,19,28,18,26,10,34,1963,1985,0.00,3.30,6.22
2015-9-6,24,18,31,18,26,8,36,1924,1881,0.00,3.30,8.28
2015-9-7,27,21,33,18,26,7,38,1888,1881,0.00,3.56,5.26
2015-9-8,31,24,36,18,26,12,36,1955,2015,0.00,3.30,12.34
2015-9-9,28,24,32,17,26,8,34,1883,1915,0.0,3.30,2.18
2015-9-10,24,21,26,17,25,6,36,1883,1983,40.13,3.30,4.01
2015-9-11,23,19,27,17,25,6,37,1917,1983,0.00,3.30,7.37
2015-9-12,23,21,26,17,25,7,34,1917,1961,7.37,3.56,5.97
2015-9-13,22,17,27,17,24,7,34,1963,1952,1.02,3.56,10.01
2015-9-14,20,15,25,17,24,7,33,1975,1931,0.00,3.56,9.70
2015-9-15,23,17,29,16,24,7,33,1913,1927,0.00,3.81,10.57
2015-9-16,25,19,31,16,24,8,33,1966,1915,0.00,3.81,12.75
2015-9-17,26,20,32,16,24,7,33,1986,1991,0.00,3.81,8.56
2015-9-18,26,20,31,16,24,6,32,1990,1891,0.00,3.81,9.96
2015-9-19,24,20,28,16,23,6,34,1929,1983,0.00,3.81,10.92
2015-9-20,22,18,26,15,23,6,33,1993,1983,0.00,3.81,5.89
2015-9-21,19,15,23,15,23,4,35,1871,1895,0.00,3.81,14.07
2015-9-22,19,17,22,15,23,5,35,1904,1914,0.00,3.81,5.94
2015-9-23,21,15,27,14,23,5,36,1947,1895,0.00,3.56,21.03
2015-9-24,22,16,28,14,22,4,32,1963,2017,0.00,3.81,5.74
2015-9-25,21,17,24,14,22,4,32,1887,1970,0.00,3.56,5.99
2015-9-26,19,16,22,14,22,5,32,1940,1970,0.00,3.81,5.94
2015-9-27,18,13,22,14,22,5,32,1957,1933,0.00,3.81,7.95
2015-9-28,22,18,26,13,21,5,31,1947,1881,0.00,4.06,9.75
2015-9-29,26,22,28,13,21,5,31,1942,1945,2.79,4.06,5.54
2015-9-30,21,15,26,13,21,3,31,1912,1986,32.00,4.06,6.71
2015-10-1,16,13,18,13,21,2,31,1947,1927,2.29,3.81,12.65
2015-10-2,12,9,14,13,21,3,32,1886,1927,27.43,3.56,5.49
2015-10-3,11,9,13,12,20,3,30,1974,1919,8.89,3.56,3.94
2015-10-4,14,12,17,12,20,2,31,1888,1941,0.00,3.30,10.29
2015-10-5,16,11,19,12,20,1,34,1881,1941,0.00,3.81,5.05
2015-10-6,17,11,23,12,19,2,32,1881,1941,0.00,3.56,6.07
2015-10-7,19,14,23,12,19,3,31,1999,1944,0.00,3.81,10.39
2015-10-8,19,15,22,11,19,2,30,1988,2007,0.00,3.56,10.92
2015-10-9,21,16,26,11,19,2,30,2000,1916,22.61,3.81,18.62
2015-10-10,14,10,18,11,19,1,32,1888,1939,0.00,4.06,5.49
2015-10-11,16,12,21,11,18,1,29,1964,1949,0.00,3.81,7.77
2015-10-12,19,13,25,11,18,1,30,1876,1954,0.00,3.56,10.82
2015-10-13,19,16,22,11,18,0,30,1875,1954,0.25,3.56,6.99
2015-10-14,17,14,21,10,18,2,28,1988,1920,0.00,3.81,4.47
2015-10-15,14,11,18,10,18,0,28,1876,1956,0.00,3.56,4.32
2015-10-16,15,12,18,10,18,1,30,1876,1897,0.00,3.56,5.46
2015-10-17,9,6,13,10,17,0,32,1886,1938,0.00,3.56,5.79
2015-10-18,7,3,10,9,17,1,27,1974,1928,0.00,3.56,6.22
2015-10-19,7,2,12,9,17,-1,29,1940,2016,0.00,3.56,11.05
2015-10-20,15,9,21,9,17,0,26,1974,1969,0.00,3.56,7.06
2015-10-21,19,14,24,9,17,0,28,1974,1920,0.00,3.56,5.51
2015-10-22,19,14,24,9,17,-1,31,1940,1979,0.00,3.81,3.84
2015-10-23,13,7,18,9,16,0,29,1969,1947,0.00,3.56,7.54
2015-10-24,9,4,14,9,16,0,26,1969,2001,0.00,3.56,6.38
2015-10-25,14,9,20,8,16,-1,26,1879,1963,1.27,3.81,8.38
2015-10-26,11,8,14,8,16,-1,25,1879,1964,0.00,3.30,8.64
2015-10-27,11,7,15,8,16,-2,27,1936,1963,0.00,3.56,4.78
2015-10-28,16,12,21,8,16,-1,28,1976,1919,35.56,3.30,6.32
2015-10-29,18,14,23,8,16,0,25,1925,1971,1.02,3.56,9.32
2015-10-30,13,9,16,8,15,0,27,1925,1961,0.00,3.30,4.17
2015-10-31,9,6,13,8,15,-1,27,1925,1946,0.00,3.56,6.12
2015-11-1,16,12,18,8,15,-1,28,1885,1950,0.00,3.56,4.29
2015-11-2,15,12,17,7,14,-1,28,1887,1950,0.00,3.56,4.32
2015-11-3,16,9,22,7,14,-2,26,1875,2003,0.00,3.30,6.60
2015-11-4,17,13,21,7,14,-3,25,1879,1975,0.00,3.30,3.66
2015-11-5,18,13,22,7,14,-5,25,1879,1961,0.25,3.30,4.93
2015-11-6,21,19,23,7,14,-2,23,1879,1948,0.00,3.56,3.73
2015-11-7,17,12,22,7,14,-1,25,1930,1938,0.00,3.30,7.52
2015-11-8,11,8,13,7,14,-1,24,1886,1975,0.00,3.05,18.80
2015-11-9,11,6,15,7,13,-4,23,1976,1975,0.00,3.30,9.27
2015-11-10,12,11,14,6,13,-3,22,2017,1985,6.60,3.30,4.32
2015-11-11,12,9,14,6,13,-4,23,2017,1949,10.92,3.05,3.58
2015-11-12,13,11,16,6,13,-3,24,1926,1879,0.25,3.05,6.07
2015-11-13,11,8,14,6,13,-5,22,1873,1931,0.00,3.30,5.23
2015-11-14,8,6,9,6,13,-6,22,1905,1993,0.00,3.30,5.66
2015-11-15,9,4,14,6,12,-6,26,1967,1993,0.00,3.30,6.17
2015-11-16,15,11,19,6,12,-8,22,1933,1928,0.00,3.30,6.07
2015-11-17,8,4,11,5,12,-7,21,1933,1953,0.00,3.56,3.91
2015-11-18,11,8,14,5,12,-7,22,1936,1928,0.00,3.56,3.15
2015-11-19,16,14,18,5,12,-7,22,1936,1921,31.75,3.56,4.95
2015-11-20,13,8,18,4,11,-6,25,1873,1985,0.00,3.30,8.56
2015-11-21,9,6,12,4,11,-8,23,1879,1900,0.00,3.56,3.38
2015-11-22,9,6,13,4,11,-10,22,1880,1931,0.76,3.56,5.16
2015-11-23,4,1,7,4,11,-10,22,1880,1931,0.00,3.56,4.67
2015-11-24,4,0,8,4,11,-10,22,1880,1979,0.00,3.56,4.95
2015-11-25,6,2,10,4,10,-7,22,1938,1979,0.00,3.30,3.45
2015-11-26,11,5,16,4,10,-8,19,1938,1946,0.00,3.56,4.85
2015-11-27,14,11,18,3,10,-11,22,1932,1896,0.00,3.30,5.46
2015-11-28,12,6,17,3,9,-9,21,1930,2011,0.51,3.56,5.44
2015-11-29,6,3,9,3,9,-9,20,1872,1990,0.0,3.56,5.59
2015-11-30,4,1,7,3,9,-13,21,1875,1991,0.00,3.81,2.82
2015-12-1,9,7,11,3,9,-12,21,1875,2006,8.38,3.56,4.37
2015-12-2,11,8,14,3,9,-11,18,1875,1970,3.56,3.56,5.49
2015-12-3,10,7,13,2,8,-12,20,1976,1998,0.0,3.81,4.14
2015-12-4,8,6,11,2,8,-12,23,1882,1998,0.00,3.56,4.67
2015-12-5,8,4,11,2,8,-11,21,1926,2001,0.00,3.56,3.25
2015-12-6,8,4,12,2,8,-11,21,1871,2001,0.00,3.30,4.06
2015-12-7,9,6,12,2,8,-12,23,1926,1998,0.00,3.56,5.03
2015-12-8,7,5,9,1,7,-12,18,1882,1927,0.00,3.56,3.91
2015-12-9,9,4,13,1,7,-13,18,1876,1966,0.00,3.30,6.45
2015-12-10,13,11,16,1,7,-16,21,1876,1946,0.0,3.56,4.11
2015-12-11,13,10,16,1,7,-14,17,1880,1879,0.00,3.56,6.12
2015-12-12,16,13,19,1,7,-15,20,1988,1931,0.0,3.30,4.06
2015-12-13,16,13,19,1,7,-13,19,1960,2015,0.00,3.30,7.70
2015-12-14,16,12,19,0,6,-11,19,1976,1881,8.38,3.30,5.64
2015-12-15,16,12,20,0,6,-14,20,1874,2015,2.29,3.30,3.40
2015-12-16,10,8,12,0,6,-13,17,1876,1971,1.02,3.05,5.72
2015-12-17,13,10,15,0,6,-17,16,1919,2000,30.73,3.30,5.79
2015-12-18,9,3,14,-1,6,-18,17,1919,1984,0.0,3.05,3.30
2015-12-19,3,2,4,-1,6,-18,14,1884,1931,0.00,3.05,3.02
2015-12-20,4,1,6,-1,6,-20,15,1942,2002,0.00,3.05,4.62
2015-12-21,9,4,13,-1,5,-18,18,1942,2013,0.00,3.30,6.32
2015-12-22,14,12,17,-1,5,-16,21,1872,2013,4.83,3.05,5.54
2015-12-23,14,11,18,-1,5,-18,18,1883,1990,39.37,3.30,4.09
2015-12-24,20,17,22,-1,5,-14,22,1983,2015,0.25,3.30,3.61
2015-12-25,17,14,19,-2,4,-18,18,1980,2015,0.25,3.30,3.30
2015-12-26,12,8,15,-2,4,-16,17,1914,1982,0.0,3.05,4.22
2015-12-27,12,8,16,-2,4,-14,17,1872,1949,3.05,3.05,5.44
2015-12-28,4,1,8,-2,4,-13,18,1917,1982,0.76,3.05,3.43
2015-12-29,4,1,8,-2,4,-21,21,1917,1984,11.43,2.79,6.40
2015-12-30,6,3,9,-2,4,-25,18,1917,1984,4.83,3.05,4.29
2015-12-31,7,6,9,-2,4,-21,17,1917,1965,0.76,2.79,5.87
2016-1-1,3,1,6,-2,4,-20,16,1918,1966,0.00,3.05,5.21
2016-1-2,2,0,4,-2,4,-16,20,1918,1876,0.00,3.05,4.88
2016-1-3,4,2,7,-2,4,-20,17,1879,2000,0.00,3.05,6.15
2016-1-4,-4,-10,2,-3,4,-19,18,1918,1950,0.00,3.05,6.93
2016-1-5,-7,-12,-2,-3,3,-20,17,1904,1993,0.00,3.05,3.81
2016-1-6,1,-4,5,-3,3,-18,22,1896,2007,0.00,3.30,4.19
2016-1-7,4,-1,8,-3,3,-15,17,2014,1907,0.00,3.05,6.78
2016-1-8,4,-1,8,-3,3,-16,18,1968,1998,0.00,2.79,3.17
2016-1-9,7,4,8,-3,3,-18,17,1968,1937,0.0,3.30,3.61
2016-1-10,10,4,15,-3,3,-21,15,1875,1876,45.72,3.05,4.57
2016-1-11,1,-3,4,-3,3,-16,17,1968,1975,0.00,3.05,3.71
2016-1-12,2,-4,7,-3,3,-16,18,1981,2017,0.0,3.30,5.97
2016-1-13,-3,-6,-1,-3,3,-19,20,1914,1932,0.00,3.05,3.66
2016-1-14,-1,-6,3,-3,3,-20,21,1914,1932,0.0,3.05,5.23
2016-1-15,6,1,11,-3,3,-17,19,1957,1932,0.0,3.30,3.23
2016-1-16,8,6,11,-3,3,-17,14,2004,1995,6.10,3.05,3.66
2016-1-17,2,-1,6,-3,3,-18,17,1977,1990,1.27,3.05,3.45
2016-1-18,-4,-8,-1,-3,3,-17,18,1982,1990,0.0,2.79,5.33
2016-1-19,-6,-9,-2,-3,3,-19,17,1875,1951,0.00,3.05,6.07
2016-1-20,0,-3,3,-3,3,-17,16,1994,2006,0.00,2.79,3.58
2016-1-21,-1,-3,2,-3,3,-18,17,1985,2006,0.00,3.05,8.76
2016-1-22,-3,-6,-1,-3,3,-17,16,1888,1959,0.25,3.05,4.32
2016-1-23,-3,-4,-3,-3,3,-19,16,1936,1906,58.67,2.79,6.48
2016-1-24,-2,-7,2,-3,3,-21,20,1882,1967,0.0,2.79,5.54
2016-1-25,1,-2,4,-3,3,-16,15,1945,1967,0.00,2.79,4.57
2016-1-26,6,3,9,-3,4,-16,22,1927,1950,0.00,2.79,5.56
2016-1-27,5,1,8,-3,4,-18,20,1927,1916,0.0,2.79,4.93
2016-1-28,3,0,6,-3,4,-18,18,1925,1916,0.00,2.79,4.75
2016-1-29,2,-1,5,-3,4,-17,20,1873,2002,0.00,2.79,2.62
2016-1-30,1,-2,4,-3,4,-16,17,1873,2006,0.00,2.79,3.02
2016-1-31,8,2,13,-3,4,-18,17,1920,1947,0.00,3.05,3.84
2016-2-1,11,7,15,-3,4,-18,19,1920,1989,0.25,2.79,5.38
2016-2-2,7,3,10,-3,4,-19,15,1881,1988,0.00,2.79,7.57
2016-2-3,11,6,15,-3,4,-17,17,1955,1991,18.54,2.79,3.94
2016-2-4,11,7,15,-2,4,-17,20,1918,1991,0.0,2.54,5.33
2016-2-5,3,-1,7,-2,4,-21,21,1918,1991,13.46,2.79,3.63
2016-2-6,1,-1,4,-2,4,-20,20,1895,2008,0.00,2.79,6.96
2016-2-7,4,1,8,-2,4,-17,12,1910,1938,0.00,2.79,7.52
2016-2-8,1,-2,4,-2,4,-21,16,1934,2017,1.27,2.79,2.92
2016-2-9,0,-3,2,-2,4,-26,17,1934,1990,0.0,2.54,4.42
2016-2-10,2,-1,4,-2,5,-21,16,1899,2001,0.25,2.79,6.68
2016-2-11,-4,-8,-1,-2,5,-18,18,1899,1960,0.0,2.54,6.96
2016-2-12,-6,-9,-3,-2,5,-19,16,1914,1999,0.00,2.79,4.22
2016-2-13,-10,-14,-6,-2,5,-18,17,1914,1951,0.00,2.54,6.15
2016-2-14,-14,-18,-9,-2,5,-18,17,2016,1946,0.00,2.79,4.04
2016-2-15,-4,-11,2,-2,6,-22,22,1943,1949,11.18,2.54,4.39
2016-2-16,7,2,12,-2,6,-17,21,1888,1954,25.65,3.05,3.56
2016-2-17,3,2,4,-2,6,-20,19,1896,1976,0.00,2.79,3.78
2016-2-18,0,-3,2,-2,6,-17,20,1979,1981,0.00,2.79,3.81
2016-2-19,0,-4,4,-1,6,-17,18,1936,1997,0.00,2.79,5.46
2016-2-20,10,4,16,-1,6,-16,20,2015,1939,0.00,2.79,7.80
2016-2-21,10,7,13,-1,6,-15,25,1896,2018,0.76,2.79,4.72
2016-2-22,7,3,11,-1,6,-13,20,1963,1997,0.00,2.79,6.07
2016-2-23,3,2,4,-1,6,-15,21,1889,1985,7.62,3.05,3.51
2016-2-24,9,2,16,-1,7,-20,23,1873,1985,30.99,3.05,4.29
2016-2-25,9,3,16,-1,7,-17,23,1914,1930,0.51,2.79,5.36
2016-2-26,1,-3,4,-1,7,-13,18,1990,1890,0.00,3.05,4.75
2016-2-27,1,-3,5,-1,7,-15,22,1900,1997,0.00,3.05,3.96
2016-2-28,9,3,16,-1,7,-15,19,1934,1976,0.00,3.05,3.07
2016-2-29,12,8,16,-1,7,-15,20,1884,1880,1.27,3.30,5.74
2016-3-1,8,4,11,-1,7,-15,22,1884,1972,0.00,3.30,7.49
2016-3-2,6,-2,13,0,7,-12,22,1891,1972,3.56,3.05,6.12
2016-3-3,-1,-3,2,0,7,-11,18,2003,1991,0.00,3.05,5.72
2016-3-4,2,-1,4,0,8,-13,21,1943,1974,2.79,3.30,4.19
2016-3-5,2,-2,5,0,8,-16,22,1872,1880,0.00,3.30,4.60
2016-3-6,3,0,7,0,8,-14,20,1872,1935,0.00,3.30,6.68
2016-3-7,9,2,16,1,8,-13,23,1890,1946,0.00,3.30,4.75
2016-3-8,14,8,19,1,8,-13,24,1883,1987,0.00,3.56,4.52
2016-3-9,16,7,25,1,8,-11,25,1996,2016,0.00,3.30,4.62
2016-3-10,22,17,26,1,9,-11,26,1929,2016,0.00,3.30,4.11
2016-3-11,14,9,20,1,9,-10,22,1960,1977,1.52,3.30,7.47
2016-3-12,10,4,15,1,9,-13,21,1888,1890,0.00,3.30,5.92
2016-3-13,13,10,17,1,9,-14,29,1888,1990,0.0,3.05,9.80
2016-3-14,8,4,11,2,9,-11,23,1888,1946,7.37,3.56,5.00
2016-3-15,11,7,14,2,9,-10,25,1993,1990,0.00,3.56,4.60
2016-3-16,14,9,18,2,10,-10,27,1911,1990,0.51,3.56,5.16
2016-3-17,12,7,17,2,10,-12,23,1916,1945,0.0,3.81,3.61
2016-3-18,10,6,14,2,10,-13,25,1916,1989,0.00,3.56,7.87
2016-3-19,5,2,8,2,11,-13,24,1967,1918,0.00,3.81,5.56
2016-3-20,3,0,6,2,11,-11,28,1885,1945,1.78,3.81,4.90
2016-3-21,5,0,10,3,11,-12,28,1885,1921,1.52,3.81,6.02
2016-3-22,8,2,13,3,11,-11,25,1885,2012,0.00,3.81,8.74
2016-3-23,16,9,22,3,11,-11,24,1875,1923,0.00,4.06,4.06
2016-3-24,10,7,13,3,11,-11,24,1888,1988,0.00,3.81,5.21
2016-3-25,14,7,22,3,12,-10,26,1878,1963,1.02,3.81,10.80
2016-3-26,8,3,13,3,12,-6,24,1960,1922,0.00,3.81,3.61
2016-3-27,9,6,13,3,12,-6,28,1894,1998,0.00,4.06,4.55
2016-3-28,11,6,17,4,12,-10,28,1923,1945,9.65,3.81,7.57
2016-3-29,8,4,12,4,12,-12,30,1923,1945,0.00,3.81,5.16
2016-3-30,8,3,13,4,13,-8,27,1887,1998,0.00,4.06,6.22
2016-3-31,16,9,23,4,13,-10,30,1923,1998,0.00,3.81,5.59
2016-4-1,21,16,26,4,13,-11,28,1923,1917,0.25,4.06,4.80
2016-4-2,13,9,16,4,13,-5,27,1919,1967,3.81,4.06,4.90
2016-4-3,6,1,10,5,13,-4,27,1954,1981,2.29,4.06,4.83
2016-4-4,3,-2,7,5,14,-6,26,1874,1892,11.94,4.06,5.05
2016-4-5,2,-3,6,5,14,-6,26,1874,1928,0.00,4.06,7.01
2016-4-6,4,-1,9,6,14,-6,26,1982,1947,0.00,3.81,6.40
2016-4-7,12,9,14,6,14,-6,33,1982,2010,2.29,4.06,3.43
2016-4-8,7,4,10,6,14,-3,32,1982,1991,0.25,3.81,4.90
2016-4-9,4,2,6,6,15,-3,30,1977,1991,2.29,4.06,8.69
2016-4-10,5,-1,10,6,15,-2,30,1997,1922,0.00,4.32,10.95
2016-4-11,12,6,18,6,16,-4,28,1909,1955,0.25,4.06,2.79
2016-4-12,11,7,15,7,16,-5,32,1874,1977,5.08,4.06,5.38
2016-4-13,9,4,14,7,16,-3,31,1874,1977,0.00,4.06,3.20
2016-4-14,12,6,17,7,16,-3,29,1950,1941,0.00,4.06,6.91
2016-4-15,12,6,18,7,16,-2,30,1943,1941,0.00,3.81,19.23
2016-4-16,13,6,20,7,17,-1,33,1928,2002,0.00,3.56,8.36
2016-4-17,16,7,24,7,17,-2,35,1875,2002,0.00,3.81,3.28
2016-4-18,19,11,28,8,17,-3,35,1875,1976,0.00,3.56,5.56
2016-4-19,18,13,23,8,17,-6,33,1875,1976,0.00,3.81,4.98
2016-4-20,15,9,21,8,17,-4,32,1897,1927,0.00,3.56,4.98
2016-4-21,16,9,23,8,17,-3,30,1875,1923,0.00,3.56,5.79
2016-4-22,22,17,26,8,18,0,30,1947,2001,0.0,3.56,6.22
2016-4-23,17,12,22,8,18,0,30,1930,2007,4.06,3.56,5.94
2016-4-24,14,8,20,9,18,0,30,1930,2001,0.00,3.56,5.51
2016-4-25,16,10,21,9,18,-1,32,1919,1915,0.00,3.56,4.27
2016-4-26,12,8,16,9,18,0,33,1919,2009,6.10,3.56,4.78
2016-4-27,12,8,17,9,18,2,33,1932,1915,0.00,3.56,5.18
2016-4-28,12,9,15,9,19,1,32,1934,1990,0.00,3.81,6.96
2016-4-29,11,7,14,9,19,0,31,1874,1974,1.27,3.56,2.31
2016-4-30,13,8,18,9,19,-1,32,1875,1942,0.00,3.30,12.62
2016-5-1,9,7,11,10,19,1,30,1880,2001,4.06,3.05,6.30
2016-5-2,12,7,16,10,19,2,32,1903,2001,1.02,3.05,2.79
2016-5-3,12,11,13,10,19,2,32,1874,2001,15.49,3.30,4.22
2016-5-4,10,9,11,10,20,3,33,1917,2001,0.25,3.30,5.13
2016-5-5,11,8,14,11,20,1,32,1891,1980,0.00,3.30,7.67
2016-5-6,11,9,12,11,20,0,33,1891,1986,13.72,3.30,3.71
2016-5-7,12,9,16,11,20,2,33,1891,2000,0.00,3.56,9.70
2016-5-8,14,9,19,11,21,2,32,1947,2000,4.06,3.05,7.67
2016-5-9,17,11,22,11,21,1,34,1947,1979,0.00,3.30,3.61
2016-5-10,14,10,17,11,21,2,34,1966,1979,0.00,3.30,5.33
2016-5-11,17,10,24,11,21,2,33,1913,1993,0.00,3.05,4.24
2016-5-12,20,13,27,12,21,4,33,1907,1881,0.00,3.30,4.67
2016-5-13,17,14,18,12,21,3,31,1895,1956,6.35,3.05,4.22
2016-5-14,18,13,23,12,21,4,31,1878,1900,0.0,3.05,8.59
2016-5-15,11,8,14,12,22,5,32,1947,1900,0.0,3.30,2.95
2016-5-16,13,6,19,12,22,5,32,1878,1951,0.00,3.30,6.76
2016-5-17,14,11,18,12,22,3,33,1956,1974,0.0,3.30,2.67
2016-5-18,13,12,14,13,22,5,33,1973,2017,0.0,3.30,5.54
2016-5-19,18,12,23,13,22,3,37,1976,1962,0.00,3.30,5.13
2016-5-20,18,12,24,13,22,6,35,2002,1996,0.00,3.56,5.16
2016-5-21,16,12,19,13,22,4,33,1907,1996,1.02,3.56,4.93
2016-5-22,16,11,21,13,22,6,35,1990,1941,2.29,3.81,3.17
2016-5-23,19,13,26,13,23,6,34,1963,1964,0.51,3.81,6.86
2016-5-24,19,14,23,13,23,3,33,1963,1975,4.57,3.81,5.26
2016-5-25,24,16,31,14,23,5,35,1925,1880,0.00,3.81,2.18
2016-5-26,27,21,32,14,23,5,35,1967,1880,0.00,3.81,3.25
2016-5-27,27,23,31,14,23,5,35,1961,1880,0.00,3.56,6.65
2016-5-28,28,22,33,14,23,6,34,1961,1959,0.00,3.56,2.95
2016-5-29,26,21,31,14,23,6,36,1902,1969,0.0,4.06,10.13
2016-5-30,24,20,28,14,24,5,36,1884,1987,41.91,3.81,5.56
2016-5-31,26,22,29,15,24,7,35,1938,1939,0.00,3.81,7.95
2016-6-1,24,19,28,15,24,6,35,1945,1895,0.00,4.06,6.60
2016-6-2,21,17,26,15,24,8,35,1946,1895,0.00,4.06,7.09
2016-6-3,19,17,21,16,24,7,35,1929,1895,1.02,4.06,7.65
2016-6-4,24,19,28,16,24,8,37,1926,1925,10.16,4.06,6.99
2016-6-5,20,18,22,16,24,8,37,1945,1925,23.11,4.06,7.11
2016-6-6,23,18,28,16,25,8,36,1945,1925,0.00,4.06,6.65
2016-6-7,24,18,29,16,25,8,35,1897,1925,0.0,4.06,10.57
2016-6-8,16,11,19,16,25,8,35,1932,1933,11.43,4.06,3.73
2016-6-9,17,12,22,17,26,8,36,1980,1933,0.00,4.06,6.48
2016-6-10,19,14,25,17,26,9,35,1972,2008,0.00,4.06,5.26
2016-6-11,23,15,31,17,26,7,35,1972,1973,0.00,4.06,2.90
2016-6-12,23,17,28,17,26,8,33,1979,1973,0.00,4.06,5.54
2016-6-13,19,14,23,17,26,10,35,1953,1961,0.00,4.06,4.34
2016-6-14,21,14,26,17,26,9,37,1875,1956,0.00,4.06,6.45
2016-6-15,23,17,29,18,26,8,35,1933,1994,0.00,3.81,2.87
2016-6-16,21,18,23,18,27,11,36,1927,1891,5.59,3.81,3.33
2016-6-17,22,17,26,18,27,10,35,1926,1957,0.00,4.06,4.62
2016-6-18,23,16,31,18,27,8,35,1950,1929,0.00,3.56,5.84
2016-6-19,25,19,31,18,27,11,36,1920,1994,0.00,3.56,5.49
2016-6-20,23,18,29,18,27,9,36,1914,1923,0.00,3.30,3.53
2016-6-21,27,22,31,18,27,9,36,1897,1988,0.0,3.56,4.32
2016-6-22,25,20,30,19,27,11,36,1940,1988,0.00,3.30,4.98
2016-6-23,24,21,28,19,27,9,35,1918,1888,0.00,3.30,4.45
2016-6-24,24,19,29,19,28,11,35,1932,1888,0.00,3.30,3.71
2016-6-25,24,18,30,19,28,10,37,1873,1952,0.00,3.56,3.25
2016-6-26,25,19,31,19,28,13,37,1979,1952,0.00,3.30,10.90
2016-6-27,24,19,28,19,28,12,38,1940,1966,11.43,3.05,5.36
2016-6-28,22,20,24,19,28,12,35,1995,1991,3.05,3.30,4.29
2016-6-29,24,19,28,19,28,11,38,1919,1934,0.25,3.05,6.53
2016-6-30,24,19,29,19,28,11,37,1919,1964,0.00,3.30,7.80
2016-7-1,23,19,26,20,28,11,37,1943,1901,21.08,3.05,5.51
2016-7-2,21,17,24,20,28,13,37,2001,1966,0.00,3.30,4.55
2016-7-3,22,18,26,20,28,12,39,1933,1966,0.00,3.05,7.11
2016-7-4,24,19,29,20,29,12,38,1986,1949,12.45,3.30,4.47
2016-7-5,26,21,30,20,29,11,38,1979,1999,16.76,3.05,7.80
2016-7-6,28,24,33,20,29,12,39,1979,2010,0.00,3.30,5.00
2016-7-7,28,25,32,20,29,13,37,1914,2010,1.02,3.30,7.95
2016-7-8,25,19,30,21,29,13,37,1894,1993,2.03,3.56,4.57
2016-7-9,21,18,22,21,29,12,41,1963,1936,13.46,3.56,2.77
2016-7-10,23,19,27,21,29,12,38,1890,1993,0.0,3.81,4.55
2016-7-11,23,18,27,21,29,13,36,1898,1988,0.00,3.81,4.93
2016-7-12,24,20,28,21,29,13,37,1926,1966,0.00,3.81,6.81
2016-7-13,26,22,29,21,29,12,38,1888,1966,0.00,4.32,8.03
2016-7-14,27,23,31,21,29,14,37,1926,1954,15.75,4.06,4.06
2016-7-15,29,26,31,21,29,13,38,1930,1995,0.00,3.81,5.92
2016-7-16,28,24,32,21,29,13,37,1946,1980,0.0,4.06,3.51
2016-7-17,28,24,32,21,29,13,37,1892,1953,0.00,3.81,7.95
2016-7-18,28,22,34,21,29,13,38,1925,1953,8.89,3.81,4.47
2016-7-19,26,23,28,21,29,13,38,1924,1977,0.00,4.06,4.62
2016-7-20,25,20,29,21,29,12,38,1890,1980,0.00,3.81,5.00
2016-7-21,27,22,32,21,29,12,40,1890,1977,0.00,3.81,5.74
2016-7-22,29,23,34,21,29,12,40,1873,2011,0.00,3.56,4.72
2016-7-23,31,27,36,21,29,14,37,1890,2011,0.00,3.81,6.12
2016-7-24,29,24,34,21,29,13,36,1893,1999,0.00,3.81,9.52
2016-7-25,28,23,34,21,29,13,36,1953,1999,25.40,3.81,4.17
2016-7-26,27,22,32,21,29,12,36,1920,1940,0.00,4.06,9.65
2016-7-27,28,23,33,21,29,12,36,1920,1963,0.00,4.06,6.73
2016-7-28,29,24,35,21,29,13,36,1903,1999,0.0,4.32,7.90
2016-7-29,25,21,29,21,29,15,37,1914,1949,27.69,4.32,8.81
2016-7-30,26,23,29,21,29,13,36,1956,1988,6.35,4.32,9.04
2016-7-31,24,22,26,21,29,13,38,1914,1933,27.43,4.32,5.82
2016-8-1,24,21,27,21,29,15,37,1964,1933,0.0,4.06,7.24
2016-8-2,23,20,26,21,29,14,37,1924,1955,0.00,4.06,6.32
2016-8-3,23,19,27,21,29,12,36,1927,2005,0.00,4.32,6.88
2016-8-4,23,19,27,21,29,13,37,1886,1944,0.00,4.06,8.26
2016-8-5,24,21,28,21,29,13,38,1951,1944,0.00,4.06,3.66
2016-8-6,27,22,31,21,29,13,36,1994,1955,1.27,4.06,8.41
2016-8-7,26,21,30,21,29,13,40,1994,1918,0.00,3.81,5.54
2016-8-8,26,22,30,21,29,12,37,1903,2001,0.00,3.81,6.60
2016-8-9,26,22,31,21,29,13,39,1989,2001,0.00,3.81,10.41
2016-8-10,27,24,30,21,28,12,36,1879,1949,2.29,3.56,11.79
2016-8-11,28,23,33,21,28,13,38,1962,1944,3.81,3.56,6.07
2016-8-12,28,23,34,20,28,12,36,1889,1944,8.13,3.56,9.19
2016-8-13,32,27,36,20,28,12,37,1930,2005,0.00,3.56,6.86
2016-8-14,30,26,34,20,28,12,37,1964,1988,1.52,3.81,14.76
2016-8-15,29,25,33,20,28,12,36,1964,1988,0.00,3.56,3.86
2016-8-16,28,26,31,20,28,12,35,1880,1944,2.79,3.81,12.19
2016-8-17,27,25,29,20,28,13,35,1979,1944,0.25,3.56,7.26
2016-8-18,26,22,29,20,28,12,34,1915,2002,0.76,3.56,10.03
2016-8-19,27,23,31,20,28,12,34,1924,2002,0.25,3.81,6.43
2016-8-20,25,21,28,20,28,12,36,1949,1955,20.83,3.56,9.22
2016-8-21,27,23,30,20,28,11,35,1922,1955,7.87,3.81,10.64
2016-8-22,22,18,26,19,28,11,35,1895,1916,0.00,3.56,4.70
2016-8-23,22,16,28,19,28,10,33,1923,1916,0.00,3.56,7.70
2016-8-24,26,20,31,19,28,11,34,1890,1972,0.00,3.56,9.17
2016-8-25,26,21,30,19,28,11,35,1940,1948,0.00,3.56,4.72
2016-8-26,28,24,32,19,27,11,39,1887,1948,0.00,3.05,8.23
2016-8-27,28,24,32,19,27,10,38,1885,1948,0.00,3.30,10.57
2016-8-28,27,22,32,19,27,10,37,1885,1948,0.00,3.30,10.13
2016-8-29,28,23,33,19,27,10,37,1986,1953,0.00,3.05,6.81
2016-8-30,26,21,30,19,27,10,36,1965,1973,0.00,3.05,5.84
2016-8-31,28,23,32,19,27,10,37,1976,1953,0.0,3.05,9.55
2016-9-1,23,21,26,19,27,10,36,1872,1953,12.70,3.30,9.75
2016-9-2,23,19,27,18,27,10,38,1886,1953,0.00,3.30,5.38
2016-9-3,22,19,24,18,27,10,37,1893,1929,0.00,3.30,8.43
2016-9-4,23,18,27,18,26,8,36,1883,1929,0.00,3.56,8.84
2016-9-5,24,18,29,18,26,10,34,1963,1985,0.00,3.30,6.22
2016-9-6,24,22,27,18,26,8,36,1924,1881,0.0,3.30,8.28
2016-9-7,26,22,29,18,26,7,38,1888,1881,0.00,3.56,5.26
2016-9-8,27,22,32,18,26,12,36,1955,2015,0.00,3.30,12.34
2016-9-9,28,24,33,17,26,8,34,1883,1915,5.59,3.30,2.18
2016-9-10,28,23,32,17,25,6,36,1883,1983,0.0,3.30,4.01
2016-9-11,24,19,28,17,25,6,37,1917,1983,0.00,3.30,7.37
2016-9-12,21,17,26,17,25,7,34,1917,1961,0.00,3.56,5.97
2016-9-13,23,18,28,17,24,7,34,1963,1952,0.00,3.56,10.01
2016-9-14,26,19,33,17,24,7,33,1975,1931,14.22,3.56,9.70
2016-9-15,20,16,23,16,24,7,33,1913,1927,0.00,3.81,10.57
2016-9-16,19,16,23,16,24,8,33,1966,1915,0.00,3.81,12.75
2016-9-17,19,15,25,16,24,7,33,1986,1991,0.00,3.81,8.56
2016-9-18,24,21,28,16,24,6,32,1990,1891,0.00,3.81,9.96
2016-9-19,23,21,24,16,23,6,34,1929,1983,17.27,3.81,10.92
2016-9-20,24,20,28,15,23,6,33,1993,1983,0.00,3.81,5.89
2016-9-21,24,20,29,15,23,4,35,1871,1895,0.00,3.81,14.07
2016-9-22,24,18,30,15,23,5,35,1904,1914,0.00,3.81,5.94
2016-9-23,24,18,31,14,23,5,36,1947,1895,0.25,3.56,21.03
2016-9-24,18,14,22,14,22,4,32,1963,2017,5.08,3.81,5.74
2016-9-25,17,12,21,14,22,4,32,1887,1970,0.00,3.56,5.99
2016-9-26,18,12,23,14,22,5,32,1940,1970,0.00,3.81,5.94
2016-9-27,21,18,23,14,22,5,32,1957,1933,5.59,3.81,7.95
2016-9-28,17,13,21,13,21,5,31,1947,1881,0.00,4.06,9.75
2016-9-29,16,14,18,13,21,5,31,1942,1945,0.00,4.06,5.54
2016-9-30,14,13,15,13,21,3,31,1912,1986,10.16,4.06,6.71
2016-10-1,15,13,17,13,21,2,31,1947,1927,0.00,3.81,12.65
2016-10-2,16,14,17,13,21,3,32,1886,1927,0.00,3.56,5.49
2016-10-3,19,16,22,12,20,3,30,1974,1919,0.00,3.56,3.94
2016-10-4,18,16,21,12,20,2,31,1888,1941,0.00,3.30,10.29
2016-10-5,16,12,19,12,20,1,34,1881,1941,0.00,3.81,5.05
2016-10-6,18,13,23,12,19,2,32,1881,1941,0.00,3.56,6.07
2016-10-7,19,14,24,12,19,3,31,1999,1944,0.00,3.81,10.39
2016-10-8,17,14,20,11,19,2,30,1988,2007,5.84,3.56,10.92
2016-10-9,14,11,18,11,19,2,30,2000,1916,13.97,3.81,18.62
2016-10-10,13,8,18,11,19,1,32,1888,1939,0.00,4.06,5.49
2016-10-11,13,8,17,11,18,1,29,1964,1949,0.00,3.81,7.77
2016-10-12,16,12,19,11,18,1,30,1876,1954,0.00,3.56,10.82
2016-10-13,16,12,19,11,18,0,30,1875,1954,0.0,3.56,6.99
2016-10-14,13,8,17,10,18,2,28,1988,1920,0.00,3.81,4.47
2016-10-15,13,7,18,10,18,0,28,1876,1956,0.00,3.56,4.32
2016-10-16,16,12,21,10,18,1,30,1876,1897,0.00,3.56,5.46
2016-10-17,22,17,27,10,17,0,32,1886,1938,0.00,3.56,5.79
2016-10-18,23,19,27,9,17,1,27,1974,1928,0.00,3.56,6.22
2016-10-19,24,18,29,9,17,-1,29,1940,2016,0.00,3.56,11.05
2016-10-20,19,17,21,9,17,0,26,1974,1969,0.00,3.56,7.06
2016-10-21,17,14,21,9,17,0,28,1974,1920,28.19,3.56,5.51
2016-10-22,11,8,14,9,17,-1,31,1940,1979,7.37,3.81,3.84
2016-10-23,12,7,16,9,16,0,29,1969,1947,0.00,3.56,7.54
2016-10-24,13,8,17,9,16,0,26,1969,2001,0.0,3.56,6.38
2016-10-25,9,6,11,8,16,-1,26,1879,1963,0.00,3.81,8.38
2016-10-26,7,3,11,8,16,-1,25,1879,1964,0.00,3.30,8.64
2016-10-27,9,4,13,8,16,-2,27,1936,1963,35.81,3.56,4.78
2016-10-28,8,6,11,8,16,-1,28,1976,1919,0.00,3.30,6.32
2016-10-29,11,4,18,8,16,0,25,1925,1971,0.00,3.56,9.32
2016-10-30,18,12,24,8,15,0,27,1925,1961,14.22,3.30,4.17
2016-10-31,9,7,12,8,15,-1,27,1925,1946,0.00,3.56,6.12
2016-11-1,9,4,14,8,15,-1,28,1885,1950,0.00,3.56,4.29
2016-11-2,17,12,21,7,14,-1,28,1887,1950,0.00,3.56,4.32
2016-11-3,18,14,22,7,14,-2,26,1875,2003,0.00,3.30,6.60
2016-11-4,12,8,16,7,14,-3,25,1879,1975,0.00,3.30,3.66
2016-11-5,12,7,17,7,14,-5,25,1879,1961,0.00,3.30,4.93
2016-11-6,11,7,15,7,14,-2,23,1879,1948,0.00,3.56,3.73
2016-11-7,8,5,12,7,14,-1,25,1930,1938,0.00,3.30,7.52
2016-11-8,12,5,19,7,14,-1,24,1886,1975,0.00,3.05,18.80
2016-11-9,12,9,15,7,13,-4,23,1976,1975,1.52,3.30,9.27
2016-11-10,9,4,13,6,13,-3,22,2017,1985,0.00,3.30,4.32
2016-11-11,11,5,17,6,13,-4,23,2017,1949,0.00,3.05,3.58
2016-11-12,7,3,10,6,13,-3,24,1926,1879,0.00,3.05,6.07
2016-11-13,11,5,16,6,13,-5,22,1873,1931,0.00,3.30,5.23
2016-11-14,12,8,17,6,13,-6,22,1905,1993,0.00,3.30,5.66
2016-11-15,11,8,13,6,12,-6,26,1967,1993,45.97,3.30,6.17
2016-11-16,12,7,16,6,12,-8,22,1933,1928,0.00,3.30,6.07
2016-11-17,13,9,16,5,12,-7,21,1933,1953,0.00,3.56,3.91
2016-11-18,12,7,18,5,12,-7,22,1936,1928,0.00,3.56,3.15
2016-11-19,10,3,17,5,12,-7,22,1936,1921,6.35,3.56,4.95
2016-11-20,3,1,6,4,11,-6,25,1873,1985,7.87,3.30,8.56
2016-11-21,4,2,5,4,11,-8,23,1879,1900,0.00,3.56,3.38
2016-11-22,4,3,5,4,11,-10,22,1880,1931,0.00,3.56,5.16
2016-11-23,4,2,7,4,11,-10,22,1880,1931,0.00,3.56,4.67
2016-11-24,6,3,9,4,11,-10,22,1880,1979,0.76,3.56,4.95
2016-11-25,10,7,12,4,10,-7,22,1938,1979,0.51,3.30,3.45
2016-11-26,7,4,10,4,10,-8,19,1938,1946,0.00,3.56,4.85
2016-11-27,7,4,10,3,10,-11,22,1932,1896,0.00,3.30,5.46
2016-11-28,7,3,11,3,9,-9,21,1930,2011,0.00,3.56,5.44
2016-11-29,13,11,16,3,9,-9,20,1872,1990,55.88,3.56,5.59
2016-11-30,12,10,14,3,9,-13,21,1875,1991,18.54,3.81,2.82
2016-12-1,9,6,12,3,9,-12,21,1875,2006,1.78,3.56,4.37
2016-12-2,8,4,11,3,9,-11,18,1875,1970,0.00,3.56,5.49
2016-12-3,7,5,8,2,8,-12,20,1976,1998,0.0,3.81,4.14
2016-12-4,6,4,8,2,8,-12,23,1882,1998,0.00,3.56,4.67
2016-12-5,7,3,9,2,8,-11,21,1926,2001,4.83,3.56,3.25
2016-12-6,6,3,8,2,8,-11,21,1871,2001,8.89,3.30,4.06
2016-12-7,6,4,8,2,8,-12,23,1926,1998,2.29,3.56,5.03
2016-12-8,4,2,7,1,7,-12,18,1882,1927,0.00,3.56,3.91
2016-12-9,2,-1,4,1,7,-13,18,1876,1966,0.00,3.30,6.45
2016-12-10,0,-2,2,1,7,-16,21,1876,1946,0.00,3.56,4.11
2016-12-11,0,-2,2,1,7,-14,17,1880,1879,0.76,3.56,6.12
2016-12-12,4,1,8,1,7,-15,20,1988,1931,12.70,3.30,4.06
2016-12-13,4,2,6,1,7,-13,19,1960,2015,0.00,3.30,7.70
2016-12-14,3,1,6,0,6,-11,19,1976,1881,0.00,3.30,5.64
2016-12-15,-3,-7,1,0,6,-14,20,1874,2015,0.0,3.30,3.40
2016-12-16,-6,-8,-3,0,6,-13,17,1876,1971,0.00,3.05,5.72
2016-12-17,0,-4,4,0,6,-17,16,1919,2000,18.54,3.30,5.79
2016-12-18,7,-1,14,-1,6,-18,17,1919,1984,1.02,3.05,3.30
2016-12-19,-3,-5,-1,-1,6,-18,14,1884,1931,0.00,3.05,3.02
2016-12-20,-3,-7,1,-1,6,-20,15,1942,2002,0.00,3.05,4.62
2016-12-21,2,-1,4,-1,5,-18,18,1942,2013,0.00,3.30,6.32
2016-12-22,6,3,9,-1,5,-16,21,1872,2013,0.00,3.05,5.54
2016-12-23,6,3,8,-1,5,-18,18,1883,1990,0.00,3.30,4.09
2016-12-24,6,3,8,-1,5,-14,22,1983,2015,11.94,3.30,3.61
2016-12-25,6,2,10,-2,4,-18,18,1980,2015,0.00,3.30,3.30
2016-12-26,6,1,10,-2,4,-16,17,1914,1982,0.51,3.05,4.22
2016-12-27,10,4,16,-2,4,-14,17,1872,1949,0.00,3.05,5.44
2016-12-28,3,1,4,-2,4,-13,18,1917,1982,0.00,3.05,3.43
2016-12-29,4,1,8,-2,4,-21,21,1917,1984,9.91,2.79,6.40
2016-12-30,3,1,4,-2,4,-25,18,1917,1984,0.25,3.05,4.29
2016-12-31,3,-1,7,-2,4,-21,17,1917,1965,0.00,2.79,5.87
